table,power,gamma1,rho,C2
4.3,0.80,1.00,0.0,1.250
4.3,0.80,1.00,0.2,1.226
4.3,0.80,1.00,0.3,1.210
4.3,0.80,1.00,0.5,1.168
4.3,0.80,1.00,0.7,1.109
4.3,0.80,1.00,0.8,1.066
4.3,0.80,1.00,0.95,0.961
4.3,0.80,1.02,0.0,1.219
4.3,0.80,1.02,0.2,1.195
4.3,0.80,1.02,0.3,1.179
4.3,0.80,1.02,0.5,1.138
4.3,0.80,1.02,0.7,1.079
4.3,0.80,1.02,0.8,1.038
4.3,0.80,1.02,0.95,0.934
4.3,0.80,1.04,0.0,1.190
4.3,0.80,1.04,0.2,1.166
4.3,0.80,1.04,0.3,1.151
4.3,0.80,1.04,0.5,1.111
4.3,0.80,1.04,0.7,1.053
4.3,0.80,1.04,0.8,1.012
4.3,0.80,1.04,0.95,0.912
4.3,0.80,1.07,0.0,1.150
4.3,0.80,1.07,0.2,1.127
4.3,0.80,1.07,0.3,1.112
4.3,0.80,1.07,0.5,1.073
4.3,0.80,1.07,0.7,1.017
4.3,0.80,1.07,0.8,0.978
4.3,0.80,1.07,0.95,0.887
4.3,0.80,1.10,0.0,1.114
4.3,0.80,1.10,0.2,1.091
4.3,0.80,1.10,0.3,1.077
4.3,0.80,1.10,0.5,1.040
4.3,0.80,1.10,0.7,0.986
4.3,0.80,1.10,0.8,0.950
4.3,0.80,1.10,0.95,0.869
4.3,0.80,1.13,0.0,1.081
4.3,0.80,1.13,0.2,1.060
4.3,0.80,1.13,0.3,1.046
4.3,0.80,1.13,0.5,1.010
4.3,0.80,1.13,0.7,0.960
4.3,0.80,1.13,0.8,0.927
4.3,0.80,1.13,0.95,0.858
4.3,0.80,1.16,0.0,1.051
4.3,0.80,1.16,0.2,1.031
4.3,0.80,1.16,0.3,1.018
4.3,0.80,1.16,0.5,0.984
4.3,0.80,1.16,0.7,0.938
4.3,0.80,1.16,0.8,0.907
4.3,0.80,1.16,0.95,0.850
4.3,0.80,1.20,0.0,1.016
4.3,0.80,1.20,0.2,0.998
4.3,0.80,1.20,0.3,0.986
4.3,0.80,1.20,0.5,0.955
4.3,0.80,1.20,0.7,0.914
4.3,0.80,1.20,0.8,0.887
4.3,0.80,1.20,0.95,0.845
4.3,0.80,1.25,0.0,0.979
4.3,0.80,1.25,0.2,0.962
4.3,0.80,1.25,0.3,0.952
4.3,0.80,1.25,0.5,0.925
4.3,0.80,1.25,0.7,0.890
4.3,0.80,1.25,0.8,0.870
4.3,0.80,1.25,0.95,0.843
4.3,0.80,1.30,0.0,0.948
4.3,0.80,1.30,0.2,0.934
4.3,0.80,1.30,0.3,0.925
4.3,0.80,1.30,0.5,0.902
4.3,0.80,1.30,0.7,0.874
4.3,0.80,1.30,0.8,0.858
4.3,0.80,1.30,0.95,0.842
4.3,0.80,1.40,0.0,0.902
4.3,0.80,1.40,0.2,0.892
4.3,0.80,1.40,0.3,0.886
4.3,0.80,1.40,0.5,0.871
4.3,0.80,1.40,0.7,0.854
4.3,0.80,1.40,0.8,0.847
4.3,0.80,1.40,0.95,0.842
4.3,0.80,1.50,0.0,0.874
4.3,0.80,1.50,0.2,0.868
4.3,0.80,1.50,0.3,0.864
4.3,0.80,1.50,0.5,0.855
4.3,0.80,1.50,0.7,0.846
4.3,0.80,1.50,0.8,0.843
4.3,0.80,1.50,0.95,0.842
4.3,0.80,1.60,0.0,0.857
4.3,0.80,1.60,0.2,0.854
4.3,0.80,1.60,0.3,0.852
4.3,0.80,1.60,0.5,0.847
4.3,0.80,1.60,0.7,0.843
4.3,0.80,1.60,0.8,0.842
4.3,0.80,1.60,0.95,0.842
4.3,0.80,1.80,0.0,0.845
4.3,0.80,1.80,0.2,0.844
4.3,0.80,1.80,0.3,0.843
4.3,0.80,1.80,0.5,0.842
4.3,0.80,1.80,0.7,0.842
4.3,0.80,1.80,0.8,0.842
4.3,0.80,1.80,0.95,0.842
4.3,0.80,2.00,0.0,0.842
4.3,0.80,2.00,0.2,0.842
4.3,0.80,2.00,0.3,0.842
4.3,0.80,2.00,0.5,0.842
4.3,0.80,2.00,0.7,0.842
4.3,0.80,2.00,0.8,0.842
4.3,0.80,2.00,0.95,0.842
4.4,0.90,1.00,0.0,1.632
4.4,0.90,1.00,0.2,1.617
4.4,0.90,1.00,0.3,1.607
4.4,0.90,1.00,0.5,1.577
4.4,0.90,1.00,0.7,1.529
4.4,0.90,1.00,0.8,1.493
4.4,0.90,1.00,0.95,1.398
4.4,0.90,1.02,0.0,1.598
4.4,0.90,1.02,0.2,1.583
4.4,0.90,1.02,0.3,1.573
4.4,0.90,1.02,0.5,1.543
4.4,0.90,1.02,0.7,1.496
4.4,0.90,1.02,0.8,1.461
4.4,0.90,1.02,0.95,1.367
4.4,0.90,1.04,0.0,1.566
4.4,0.90,1.04,0.2,1.552
4.4,0.90,1.04,0.3,1.542
4.4,0.90,1.04,0.5,1.513
4.4,0.90,1.04,0.7,1.467
4.4,0.90,1.04,0.8,1.432
4.4,0.90,1.04,0.95,1.343
4.4,0.90,1.07,0.0,1.523
4.4,0.90,1.07,0.2,1.510
4.4,0.90,1.07,0.3,1.500
4.4,0.90,1.07,0.5,1.472
4.4,0.90,1.07,0.7,1.428
4.4,0.90,1.07,0.8,1.396
4.4,0.90,1.07,0.95,1.317
4.4,0.90,1.10,0.0,1.486
4.4,0.90,1.10,0.2,1.473
4.4,0.90,1.10,0.3,1.463
4.4,0.90,1.10,0.5,1.437
4.4,0.90,1.10,0.7,1.397
4.4,0.90,1.10,0.8,1.367
4.4,0.90,1.10,0.95,1.301
4.4,0.90,1.13,0.0,1.453
4.4,0.90,1.13,0.2,1.441
4.4,0.90,1.13,0.3,1.432
4.4,0.90,1.13,0.5,1.408
4.4,0.90,1.13,0.7,1.371
4.4,0.90,1.13,0.8,1.344
4.4,0.90,1.13,0.95,1.291
4.4,0.90,1.16,0.0,1.424
4.4,0.90,1.16,0.2,1.413
4.4,0.90,1.16,0.3,1.405
4.4,0.90,1.16,0.5,1.383
4.4,0.90,1.16,0.7,1.350
4.4,0.90,1.16,0.8,1.327
4.4,0.90,1.16,0.95,1.286
4.4,0.90,1.20,0.0,1.392
4.4,0.90,1.20,0.2,1.382
4.4,0.90,1.20,0.3,1.375
4.4,0.90,1.20,0.5,1.356
4.4,0.90,1.20,0.7,1.328
4.4,0.90,1.20,0.8,1.310
4.4,0.90,1.20,0.95,1.283
4.4,0.90,1.25,0.0,1.360
4.4,0.90,1.25,0.2,1.352
4.4,0.90,1.25,0.3,1.346
4.4,0.90,1.25,0.5,1.331
4.4,0.90,1.25,0.7,1.309
4.4,0.90,1.25,0.8,1.296
4.4,0.90,1.25,0.95,1.282
4.4,0.90,1.30,0.0,1.336
4.4,0.90,1.30,0.2,1.329
4.4,0.90,1.30,0.3,1.325
4.4,0.90,1.30,0.5,1.313
4.4,0.90,1.30,0.7,1.297
4.4,0.90,1.30,0.8,1.289
4.4,0.90,1.30,0.95,1.282
4.4,0.90,1.40,0.0,1.305
4.4,0.90,1.40,0.2,1.302
4.4,0.90,1.40,0.3,1.299
4.4,0.90,1.40,0.5,1.293
4.4,0.90,1.40,0.7,1.286
4.4,0.90,1.40,0.8,1.283
4.4,0.90,1.40,0.95,1.282
4.4,0.90,1.50,0.0,1.291
4.4,0.90,1.50,0.2,1.289
4.4,0.90,1.50,0.3,1.288
4.4,0.90,1.50,0.5,1.285
4.4,0.90,1.50,0.7,1.283
4.4,0.90,1.50,0.8,1.282
4.4,0.90,1.50,0.95,1.282
4.4,0.90,1.60,0.0,1.285
4.4,0.90,1.60,0.2,1.284
4.4,0.90,1.60,0.3,1.284
4.4,0.90,1.60,0.5,1.283
4.4,0.90,1.60,0.7,1.282
4.4,0.90,1.60,0.8,1.282
4.4,0.90,1.60,0.95,1.282
4.4,0.90,1.80,0.0,1.282
4.4,0.90,1.80,0.2,1.282
4.4,0.90,1.80,0.3,1.282
4.4,0.90,1.80,0.5,1.282
4.4,0.90,1.80,0.7,1.282
4.4,0.90,1.80,0.8,1.282
4.4,0.90,1.80,0.95,1.282
4.4,0.90,2.00,0.0,1.282
4.4,0.90,2.00,0.2,1.282
4.4,0.90,2.00,0.3,1.282
4.4,0.90,2.00,0.5,1.282
4.4,0.90,2.00,0.7,1.282
4.4,0.90,2.00,0.8,1.282
4.4,0.90,2.00,0.95,1.282
